citation_key_lr,citation_key_cp,citation_sentence,predecessor,successor,textual,separate,sentence_popularity,context_popularity,sentence_density,context_density,position_in_sentence,sentence_neg,sentence_neu,sentence_pos,sentence_compound,context_neg,context_neu,context_pos,context_compound,comp_sup,prp,pos_pattern,pos_0,pos_1,pos_2,pos_3,pos_4,pos_5,position_in_document,heading_title,heading_category,ref_in_figure_description,ref_in_table_description,ref_in_heading
Brynjolfsson1993,Hadaya2012,"Researchers have adopted various theoretical, conc...",It is an important stream of research that deals w...,IT valuation research has now accumulated a critic...,True,False,2,4,0.333333333333333,0.2,0.931174089068826,0,1,0,0,0.026,0.898,0.076,0.5106,False,False,NNS VBP VBN JJ JJ JJ JJ CC JJ NNS TO VB DT NN IN NNS IN NN CC NNS VBN IN NNS IN JJ JJ NN NNP,False,True,True,False,False,False,0.009,Introduction,introduction,False,False,False
Brynjolfsson1993,Pare2008,"To solve these methodological issues, researchers ...",Among the most salient are a reliance on cross-sec...,CITATION asserted that the lack of consistent find...,True,False,5,10,0.166666666666667,0.090909090909091,0.595166163141994,0,0.952,0.048,0.2023,0.021,0.924,0.056,0.4391,False,False,TO VB DT JJ NNS NNS VBP VBN DT JJ NNS VBG NN IN JJ NN NNS NNP VBG JJ NN NNS NNP VBG JJ NNS IN DT NN JJ NNP CC VBG RBR JJ NNS NNP,False,True,True,False,False,False,0.035,Introduction,introduction,False,False,False
Brynjolfsson1993,Sircar2000,These are studies representing what we have termed...,"The objective of the research presented here, howe...",We have attempted to extend their work to yield a ...,False,False,3,3,0.25,0.25,0.924444444444444,0,1,0,0,0,0.947,0.053,0.6124,False,True,DT VBP NNS VBG WP PRP VBP VBN DT `` NN '' NNP NN IN NNP CC NNP NNP CC DT VBG DT NN CC NN NN NN IN NNP CC NNP NNP,False,True,True,False,False,False,0.076,,introduction,False,False,False
Brynjolfsson1993,Im2001,Recent evidence indicates that IT has been a very ...,Many attempts have been made to answer this questi...,"Despite these findings, the results of other empir...",True,False,2,5,0.333333333333333,0.285714285714286,0.918181818181818,0,0.861,0.139,0.2716,0,0.958,0.042,0.2716,False,False,JJ NN VBZ IN NNP VBZ VBN DT RB JJ NN TO NN UH NNP,False,True,True,False,False,False,0.004,Introduction,introduction,False,False,False
Brynjolfsson1993,Wei2011,Such a focus on outcomes has also been done by stu...,Examples of digital outcome divide include differe...,The extended three-level digital divide framework ...,False,False,2,3,0.333333333333333,0.25,0.946236559139785,0.049,0.951,0,-0.1027,0.028,0.972,0,-0.1027,False,False,JJ DT NN IN NNS VBZ RB VBN VBN IN NNS VBG NN NN UH NNP CD NNP NN IN NNS NN NNP CC NNP NN NN JJ NNP,False,False,True,False,False,False,0.095,A Digital Divide Framework,theory_frontend,False,False,False
Brynjolfsson1993,Pinsonneault1998,"On the other hand, IT spending has also been linke...","Yet, many authors claim that the benefits of IT ar...",This paper addresses the productivity paradox by t...,True,False,2,10,0.333333333333333,0.090909090909091,0.845454545454545,0,0.622,0.378,0.743,0.122,0.669,0.209,0.765,False,False,IN DT JJ NN NNP NN VBZ RB VBN VBN TO JJ NN NNS NNP,False,False,True,False,False,False,0.054,Introduction,introduction,False,False,False
Brynjolfsson1993,Petter2013,"For example, time since implementation REFERENCECI...",Some research has focused on the role of project f...,Additional research could explore these project fa...,False,False,3,3,0.4,0.4,0.220338983050847,0,0.861,0.139,0.5719,0,0.794,0.206,0.9485,False,False,IN NN NN IN NN NNP CC NN IN DT NNP NNP VBP RB VBN IN NN NNS RB IN NNS IN NNP NN,False,False,True,False,False,False,0.755,Future Research Road Map,implications,False,False,False
Brynjolfsson1993,Ravichandran2009,"first, past research has found that both IT invest...",We conducted several tests to check whether the re...,"hence, we used one year lagged ROa (the next year ...",False,True,2,2,0.333333333333333,0.333333333333333,0.354430379746835,0.091,0.909,0,-0.296,0.1,0.864,0.036,-0.4939,False,False,RB JJ NN VBZ VBN IN DT NNP NNS REFERENCE CC JJ NNS JJ IN NN NNP VBP VBN NNS IN NN NN,False,True,True,False,False,False,0.663,Robustness check,results,False,False,False
Brynjolfsson1993,Palmer2000,"Yet, the evidence on how well they succeed is mixe...",Well-managed organizations generally try to improv...,"This apparent ""productivity paradox"" has produced ...",True,False,9,9,0.181818181818182,0.181818181818182,0.447761194029851,0,0.629,0.371,0.6486,0.034,0.769,0.197,0.7783,False,False,RB DT NN IN WRB RB PRP VB VBZ JJ NNP,False,False,False,False,False,False,0.082,Theoretical Background,theory_frontend,False,False,False
Brynjolfsson1993,Melville2004,"Researchers have adopted diverse conceptual, theor...",IT business value scholars are motivated by a desi...,"Moreover, the literature includes contributions fr...",True,False,2,2,0.5,0.5,0.858695652173913,0,1,0,0,0,0.849,0.151,0.8807,False,False,NNS VBP VBN JJ JJ JJ CC JJ NNS CC VBN JJ JJ NNS IN JJ NNS IN NN NNP,False,True,True,False,False,False,0.049,IT Business Value Research: Definition Through Distillation,introduction,False,False,False
Brynjolfsson1996,Grover2006,"For instance, econometrics has been used to examin...",A growing number of studies has started to pay att...,Some scholars have resorted to the use of economic...,True,True,0,5,1,0.166666666666667,0.989795918367347,0,1,0,0,0.014,0.906,0.08,0.6808,False,False,IN NN NNS VBZ VBN VBN TO VB DT NN IN NNP CC NN REFERENCE,False,True,True,False,False,False,0.194,Figure 1. Foundational Fields Used in Culnan and Swanson's (1986) and Cheon et al.'s (1992),background,False,False,False
Brynjolfsson1996,Melville2004,"Researchers have adopted diverse conceptual, theor...",IT business value scholars are motivated by a desi...,"Moreover, the literature includes contributions fr...",True,False,3,3,0.25,0.25,0.907103825136612,0,1,0,0,0,0.849,0.151,0.8807,False,False,NNS VBP VBN JJ JJ JJ CC JJ NNS CC VBN JJ JJ NNS IN JJ NNS IN NN NNP,False,True,True,False,False,False,0.049,IT Business Value Research: Definition Through Distillation,introduction,False,False,False
Chan2000,Petter2012,Chief Information Officers (CIOs) identified the i...,In the quest to use information systems to support...,"Therefore, during this era, alignment between the ...",True,False,3,3,0.25,0.25,0.997084548104956,0,0.942,0.058,0.4019,0,0.844,0.156,0.9371,False,False,JJ NN NNP NNP VBD DT NN IN JJ NN IN CD IN PRP$ JJ NNS IN NN NNS IN PRP$ NNS NNP CC NNS VBD NNS TO VB NNS VB IN PRP$ NN NNS VBD VBN IN DT JJ NNS IN DT NN NNP,False,True,True,False,False,False,0.246,Strategic and Personal Computing Era (1980s -1990s),method,False,False,False
Chan2000,Caliendo2012,"Rather, selection bias probably poses a problem fo...",It is unlikely that the selection bias is unique t...,"Within organizations, this effect might arise in e...",True,False,1,1,0.5,0.5,0.922413793103448,0.2,0.683,0.117,-0.1779,0.098,0.859,0.043,-0.2732,False,False,RB NN NN RB VBZ DT NN IN DT NN IN JJ NNP CC NNP NN NN NNS NNP,False,False,False,False,False,False,0.868,Implications,implications,False,False,False
Chan2000,Tallon2007,Although perceptions are often regarded as biased ...,"As an alternative, researchers have designed perce...","Accordingly, we identified 25 process-level measur...",False,False,2,6,0.333333333333333,0.142857142857143,0.353783231083845,0.087,0.883,0.03,-0.5423,0.057,0.904,0.039,-0.2732,False,False,IN NNS VBP RB VBN IN VBN CC JJ TO VB FW CD NN NN NN WDT VBZ VBN NN IN JJ NNS CC JJ NNS RBR RB NNP CC NNP NNP NN WDT NNS POS NNS IN NNP VBZ IN DT NN CC NN NN NN IN NN TO PDT DT NN IN NNS MD VB VBN IN DT NN IN JJ NNP VBZ WRB EX VBP DT RB JJ CC JJ JJ NNS IN NNP NN NN,False,True,True,True,False,False,0.465,Measuring IT Business Value,method,False,False,False
DeLone1992,McBride1997,Although efforts to identify measures of IS succes...,They found that neither economic nor technical fac...,CITATION could not definitively identify any corre...,True,False,1,2,0.5,0.333333333333333,0.281081081081081,0.073,0.677,0.25,0.7787,0.086,0.738,0.176,0.7512,False,False,IN NNS TO VB NNS IN NNP NN NNP VBP VBN IN DT NN PRP VBZ VBN RBR JJ TO VB JJ NNS WDT VBP WRB JJ VBZ VBN JJ,False,True,True,False,False,False,0.059,introduction,introduction,False,False,False
DeLone1992,Benbasat2007,"As several researchers have pointed out, such a si...","In regard to consequences, an undesirable outcome ...","Moreover, an intense focus on this narrowly concep...",True,False,2,10,0.333333333333333,0.090909090909091,0.860655737704918,0,0.893,0.107,0.2023,0.049,0.879,0.072,0.3655,False,False,IN JJ NNS VBP VBN RP PDT DT JJ NN IN NN NN VBZ JJ NNS NNP,False,True,True,False,False,False,0.305,Introduction,introduction,False,False,False
DeLone1992,Vance2008,System quality is a major component of the REFEREN...,In order to identify relevant formative subconstru...,"However, research examining system quality and its...",False,False,1,3,0.666666666666667,0.4,0.394495412844037,0,0.791,0.209,0.5719,0,0.86,0.14,0.8442,False,False,NNP NN VBZ DT JJ NN IN DT NNP IN NNP NN CC JJ NNS NNP,False,False,False,False,False,False,0.198,System Quality,theory_frontend,False,False,False
DeLone1992,Heatley1995,The framework derives from two existing conceptual...,"In order to perform an internal assessment, we syn...",We argue that the impact of an IT on a task must b...,True,True,1,1,0.5,0.5,0.461538461538462,0,0.724,0.276,0.7269,0.035,0.878,0.088,0.5719,False,False,DT NN VBZ IN CD VBG NNS REFERENCE NN IN NNS IN NN NN CC NNP NN NN,False,False,False,False,False,False,0.04,,introduction,False,False,False
DeLone1992,Singh2008,This measure of project success is consistent with...,This is also one of the success measures correspon...,"In addition, the two studies most closely related ...",True,True,0,3,1,0.25,0.989690721649485,0,0.637,0.363,0.8126,0,0.776,0.224,0.9423,False,False,DT NN IN NN NN VBZ JJ IN DT NN IN NN NN NN REFERENCE,False,False,False,False,False,False,0.357,Dependent Variable,method,False,False,False
DeLone1992,Aladwani2002,"Usage., user satisfaction, system quality, and inf...","First, IS project performance and IS effectiveness...",Such studies are basically concemed with success a...,False,True,0,0,1,1,0.992805755395684,0,0.868,0.132,0.4404,0,0.932,0.068,0.5106,False,False,NNP JJ NN NN NN CC NN NN NN VBP NNS IN NNS VBN IN JJ NNP JJ NNS REFERENCE,False,False,False,False,False,False,0.066,Review of Prior Research Leading to Integration,theory_frontend,False,False,False
DeLone1992,Zimmer2007,Quality can refer to either the information retrie...,Information quality represents another of the unde...,"For the purposes of this work, we focus solely on ...",False,True,0,3,1,0.25,0.989473684210526,0,1,0,0,0,1,0,0,False,False,NN MD VB TO VB DT NN VBD CC DT NN VBG DT NN REFERENCE,False,False,False,False,False,False,0.238,Quality,method,False,False,False
DeLone1992,Yoon1995a,"Further, a comprehensive discussion of system succ...","On the other hand, user satisfaction has been prop...",For all these reasons we used it in this study....,True,True,0,3,1,0.25,0.285,0,0.706,0.294,0.8555,0,0.73,0.27,0.9766,False,False,RB DT JJ NN IN NN NN IN REFERENCE NNS WDT VBN TO JJ NNS JJ NN VBZ VBN RB VBN VBG PRP JJ IN DT NN IN JJ NN,False,True,True,False,False,False,0.14,The Theoretical Framework,theory_frontend,False,False,False
DeLone1992,Park2015,A great deal of research has been conducted in the...,The successful use of information systems (IS) by ...,"However, such research has focused primarily on bu...",True,False,1,1,0.5,0.5,0.962025316455696,0,0.766,0.234,0.8779,0.093,0.743,0.164,0.7964,False,False,DT JJ NN IN NN VBZ VBN VBN IN DT NNP NN IN DT JJ CD NNS IN VBZ NNS VBG JJ NN CC NN IN NNP CC DT NNS IN NNS VBG PRP$ NN VB NNP,False,True,True,False,False,False,0.058,Related Background and Literature Review,background,False,False,False
DeLone1992,Osei-Bryson2011,Numerous user satisfaction studies have been condu...,"On the other hand, user satisfaction studies inves...",Our illustrative problem is situated within this s...,True,False,2,4,0.333333333333333,0.2,0.946107784431138,0,0.892,0.108,0.4404,0.032,0.803,0.165,0.8834,False,False,JJ JJ NN NNS VBP VBN VBN IN DT JJ NN VBG TO VB NNS IN DT NNP WDT VBP TO JJ JJ NN NNP,False,True,True,False,False,False,0.407,background on the illustrative problem,background,False,False,False
DeLone1992,Fink2007,"REFERENCE noted that ""rather than measure the qual...",Information is commonly perceived as the product o...,This perception suggests that the quality of an in...,True,True,0,0,1,1,0,0,1,0,0,0,1,0,0,False,False,REFERENCE VBD IN `` RB IN VB DT NN IN DT NN NN JJ NNP NNS VBP VBN TO VB IN DT NN IN DT NN NN NN RB DT NN IN DT NN IN DT NN VBZ RB IN DT NN IN NNS '' FW CD,True,True,True,False,False,False,0.224,3. IT-Dependent Organizational Agility,theory_frontend,False,False,False
DeLone1992,Xu2013a,"REFERENCE, among others, have called for the inclu...","The Wixom and Todd model (WT model, CITATION), whi...","In addition, the context of the WT model is, as wi...",True,True,0,1,1,0.5,0,0,0.844,0.156,0.5719,0,0.936,0.064,0.6705,False,False,REFERENCE IN NNS VBP VBN IN DT NN IN NNP IN DT NN IN NNP NN RB IN NNP CC NNP,False,True,True,False,False,False,0.015,,introduction,False,False,False
DeLone1992,Arnott2014,These theoretical foundations are not  restricted ...,CITATION shows the rigor of the theoretical founda...,Theory foundation rigor was judged on a 3-item sca...,True,True,1,2,0.5,0.333333333333333,0.993710691823899,0,0.636,0.364,0.8715,0.048,0.689,0.264,0.9039,False,False,DT JJ NNS VBP RB VBN TO NN CC NN NN CC JJ NNS IN NNP JJ JJ NNP CC NNP NN REFERENCE,False,False,True,False,False,False,0.334,Results and discussion,implications,False,False,False
DeLone1992,Qureshi2009,The literature on information systems success has ...,Direct effects of website quality on repurchase in...,"In the e-commerce context, previous research has g...",True,True,0,0,1,1,0.991869918699187,0,0.756,0.244,0.6705,0,0.856,0.144,0.836,False,False,DT NN IN NN NNS NN VBZ RB VBN NN NN IN DT JJ NN TO NN NN REFERENCE,False,False,True,False,False,False,0.324,Consequences of trust: repurchase intention,theory_frontend,False,False,False
DeLone1992,Hakkinen2008,Dimensions consist of a number of different quanti...,To be able to provide an evaluation of system succ...,"Compared to critical success factors, which are ba...",True,True,0,0,1,1,0.991189427312775,0,0.786,0.214,0.7845,0.043,0.773,0.183,0.9442,False,False,NNS VBP IN DT NN IN JJ JJ NNS IN NN IN DT JJ NN JJ NN IN DT NN IN NN MD VB VBN IN JJ NNS VBN NNS CC JJ NNS REFERENCE,False,False,True,True,False,False,0.246,Dimensions of ERP success,method,False,False,False
DeLone1992,Dong2009a,When defining implementation outcomes we considere...,TMSC describes managerial actions that fostered or...,The second step applied the same procedure and cod...,True,True,0,0,1,1,0.334645669291339,0,0.68,0.32,0.9217,0.023,0.798,0.179,0.9559,False,True,WRB VBG NN IN PRP VBD JJ NNS VBN IN REFERENCE NN JJ NN JJ NN CC JJ NN CC IN JJ JJ NN NN NN JJ NN CC RB VB NN,False,False,False,False,False,False,0.285,Nature,results,False,False,False
DeLone1992,Teo1999,"However, empirical establishment of the link betwe...",The ultimate contribution to organizational perfor...,Similar difficulties have been found in business s...,True,False,3,4,0.25,0.2,0.718120805369127,0.096,0.904,0,-0.2023,0.066,0.934,0,-0.4588,False,False,RB JJ NN IN DT NN IN NNP CC JJ NN VBZ JJ NNP CC RB JJ NNP,False,False,False,False,False,False,0.239,Impact on organizational performance,background,False,False,False
DeLone1992,Jiang2002a,"By the same token, IS users may consider the proje...","For example, the IS staff may declare a project ou...",These differing viewpoints can lead to conflict du...,True,True,0,0,1,1,0.994652406417112,0,1,0,0,0.028,0.896,0.076,0.5994,False,False,IN DT JJ NN NNP NNPS MD VB DT NN NN IN NNS IN NN CC NN IN DT NN DT NN IN DT NNS TO PRP$ NNS CC NNS TO PRP$ NNS REFERENCE,False,False,False,False,False,False,0.056,Introduction,introduction,False,False,False
DeLone1992,Chau2007,These impact measures form a continuum and are som...,"Other impacts have also been suggested, including ...",The positive effects of IT in terms of these benef...,True,False,1,1,0.5,0.666666666666667,0.573863636363636,0,0.839,0.161,0.6124,0,0.851,0.149,0.8807,False,False,DT JJ NNS VBP DT NN CC VBP RB VBN TO IN JJ NNS POS IN NNP NNP WDT VBP RB DT RBS RB VBN NNS IN NNP NN NN,False,False,True,False,False,False,0.18,Introduction,introduction,False,False,False
DeLone1992,Loh1998,"Evidently, from 1981 to 1987, of the 100 studies t...","Recently, user satisfaction and user-perceived ben...",According to the technology acceptance model formu...,True,True,0,2,1,0.333333333333333,0.993006993006993,0,0.861,0.139,0.5719,0.035,0.803,0.162,0.8689,False,False,RB IN CD TO CD IN DT CD NNS WDT VBD DT NN IN NN NN CD JJ NN NNS IN DT NN REFERENCE,False,False,False,False,False,False,0.175,Literature review,background,False,False,False
DeLone1992,Igbaria1997,"Clearly, many factors influence personal computing...",Relatively little is known about personal computin...,"The majority of these studies have in, vestigated ...",True,False,9,10,0.1,0.090909090909091,0.577777777777778,0,0.513,0.487,0.6908,0,0.781,0.219,0.8271,False,False,RB JJ NNS VBP JJ NN NN NNP,False,False,False,False,False,False,0.049,Introduction,introduction,False,False,False
DeLone1992,Fielt2013,In 2003 'service quality' was added to the promine...,Early work in the service management stream recogn...,The trend towards IT outsourcing has also stimulat...,True,True,0,1,1,0.666666666666667,0.6625,0,0.647,0.353,0.7184,0,0.868,0.132,0.7845,False,False,IN CD POS NN '' VBD VBN TO DT JJ NNP NNP NNP REFERENCE,False,True,True,False,False,False,0.24,,introduction,False,False,False
DeLone1992,Chi2010,There is increasing recognition that actual system...,Although selfreported use measures offer one way o...,"In this study, we used secondary data sources to a...",True,True,0,1,1,0.5,0.990384615384615,0,0.828,0.172,0.4404,0.053,0.907,0.04,0.0258,False,False,EX VBZ VBG NN WDT JJ NN NN VBZ RBR NNS IN JJ NN REFERENCE,False,True,False,False,False,False,0.864,Contributions,implications,False,False,False
DeLone1992,Petter2008,"For example, the widely cited REFERENCE(REFERENCE)...","As a field, we have made substantial strides towar...","Furthermore, some researchers have synthesized the...",False,True,0,3,1,0.571428571428571,0.136986301369863,0,0.812,0.188,0.8126,0,0.764,0.236,0.9726,False,False,IN NN DT RB VBN REFERENCE REFERENCE NN IN NNP NN CD VBD VBN DT NN RB VBN IN DT NN IN DT JJ CC JJ NN IN NNP NN WDT VBD VBN IN DT NN REFERENCE,False,True,True,False,False,False,0.021,Introduction,introduction,False,False,False
DeLone2003,Scott2016,This research focuses on the value perceived by ci...,The motivation of this paper is to address Petter ...,Public Value provides a framework that distinguish...,True,True,1,3,0.5,0.25,0.440129449838188,0,0.808,0.192,0.8481,0,0.702,0.298,0.9911,False,False,DT NN VBZ IN DT NN VBN IN NNS IN NNP CD NN CC VBZ NNP NNP NN NNP TO VB DT NNP NNP NNP IN NN TO VB DT DT JJ CC JJ NNS IN DT NNP CC RB DT NN JJ NNS IN JJ NNS,False,False,False,False,False,False,0.051,Introduction,introduction,False,False,False
DeLone2003,Hakkinen2008,Dimensions consist of a number of different quanti...,To be able to provide an evaluation of system succ...,"Compared to critical success factors, which are ba...",True,True,0,0,1,1,0.991189427312775,0,0.786,0.214,0.7845,0.043,0.773,0.183,0.9442,False,False,NNS VBP IN DT NN IN JJ JJ NNS IN NN IN DT JJ NN JJ NN IN DT NN IN NN MD VB VBN IN JJ NNS VBN NNS CC JJ NNS REFERENCE,False,False,True,True,False,False,0.246,Dimensions of ERP success,method,False,False,False
DeLone2003,Tong2015,Job performance has long been recognized as a meas...,Performance is defined as the extent to which an e...,Such a length of time raises the question of wheth...,True,True,1,1,0.5,0.5,0.197309417040359,0.029,0.856,0.115,0.7717,0.056,0.874,0.07,0.4215,False,False,NNP NN VBZ RB VBN VBN IN DT NN IN DT JJ NNP NN REFERENCE IN DT JJ NN IN DT NN NN VBZ IN IN NNS MD VB JJ CD IN VBN IN NN NNP IN NNP NNS IN JJ NN IN NN NN IN DT JJ NN VBP RB VBN IN CD NNS IN DT NN NN IN IN NNP CD IN WDT NNS VBP VBN CD NNS IN DT NN NN,False,True,True,False,False,False,0.096,Introduction,introduction,False,False,False
DeLone2003,Goodhue1995,It goes beyond the REFERENCEmodel in two important...,This new model is consistent with one proposed by ...,"First, it highlights the importance of task-techno...",True,True,0,0,1,1,0.404255319148936,0,0.816,0.184,0.2023,0,0.876,0.124,0.7003,False,False,PRP VBZ IN DT NNP IN CD JJ NNS,False,False,False,False,True,False,0.016,Introduction,introduction,False,False,False
DeLone2003,Price2005,There have been a number of proposals that focus o...,The revised semiotic information quality framework...,Although these proposals are subject to some of th...,True,False,2,2,0.333333333333333,0.333333333333333,0.964980544747082,0,0.884,0.116,0.6124,0.046,0.903,0.051,0.128,False,False,EX VBP VBN DT NN IN NNS WDT VBP IN DT JJ NN NN JJ VBP NN IN NNP CC IN JJR NN NN RB IN CD NN IN DT NN NNP NN NN IN DT NN IN NN NNP NN IN NNP,False,True,True,False,False,False,0.739,Revised framework and comparison,theory_frontend,False,False,False
DeLone2003,Joshi2010,There is an increasing recognition that actual sys...,"Additionally, primary data collection only collect...","In this regard, we collect longitudinal secondary ...",True,True,0,1,1,0.5,0.990654205607477,0,0.838,0.162,0.4404,0.053,0.878,0.069,0.3182,False,False,EX VBZ DT VBG NN WDT JJ NN NN VBZ RBR NNS IN JJ NN REFERENCE,False,False,False,False,False,False,0.451,Methods,method,False,False,False
DeLone2003,Sun2012a,"Furthermore, our research model has resulted in a ...",Although this approach is consistent with similar ...,"Finally, due to the relatively small sample size a...",True,True,0,2,1,0.333333333333333,0.996677740863787,0,0.909,0.091,0.4404,0.028,0.935,0.037,-0.0129,False,False,RB PRP$ NN NN VBZ VBN IN DT JJ NN IN JJ NN IN JJ NN IN NNP NN NN CC JJ NN MD CC MD VB IN RBR JJ NNS IN VBG JJ NN NNS NN NN NN NN NN REFERENCE,False,True,True,False,False,False,0.821,Limitations,implications,False,False,False
DeLone2003,Xiao2007,"As predicted by REFERENCE, empathetic RAs are cons...",It is expected that customers who are informed abo...,It is therefore proposed that P18: The provision o...,True,True,0,0,1,1,0.089385474860335,0,0.823,0.177,0.6808,0,0.771,0.229,0.9716,False,False,IN VBN IN REFERENCE JJ NNP VBP VBN IN JJR NN NN CC RB NN IN JJR NN NN IN DT NNP CC IN DT NNP JJ NN,False,True,True,False,False,False,0.334,RA Process Characteristics.,method,False,False,False
DeLone2003,Bradley2012a,"For this study, we adopt the IS success model REFE...",The organisational impact of IT has been measured ...,The measurement of IS success or the impact of IT ...,True,True,0,6,1,0.25,0.978723404255319,0,0.597,0.403,0.6597,0,0.801,0.199,0.9042,False,True,IN DT NN PRP VBP DT NNP NN NN REFERENCE,False,False,False,False,False,False,0.168,The organisational impact of IT,theory_frontend,False,False,False
DeLone2003,Oh2013,"However, given that information quality and the pe...","Second, although many pundits have portrayed rosy ...",This study will be a good starting point to unders...,True,True,1,4,0.5,0.2,0.422680412371134,0.133,0.681,0.186,0.577,0.095,0.761,0.144,0.7458,False,False,RB VBN IN NN NN CC DT JJ NN IN NN NN VBP JJ NN NNS IN JJ NNP CC NN NNS REFERENCE DT NN IN JJ NN VBN IN DT NN IN JJ NNS NNS VBZ JJ TO VB DT NN IN JJ NN NN IN DT JJ NN NN RB IN JJ NN NNS,False,False,False,False,False,False,0.752,Future Research and Conclusion,implications,False,False,False
DeLone2003,Bartis2008,REFERENCE provide a thorough overview of the main ...,"Later, discussions also included managerial or org...",Some 10 years later REFERENCE discussed the critiq...,True,True,0,0,1,1,0,0,0.829,0.171,0.5719,0,0.836,0.164,0.8765,False,False,REFERENCE VBP DT JJ NN IN DT JJ NN IN DT NN IN DT JJ NN NNS IN DT NN,True,False,False,False,False,False,0.022,Introduction,introduction,False,False,False
Dedrick2003,Atasoy2016,This is because firms of different sizes may have ...,Lack of data on small and medium firms raises the ...,Each one of these studies has a different time fra...,True,False,16,16,0.058823529411765,0.058823529411765,0.320261437908497,0.018,0.928,0.054,0.4588,0.031,0.92,0.049,0.296,False,False,DT VBZ IN NNS IN JJ NNS MD VB JJ JJ NNS TO NNP NNS CC PRP MD VB IN PRP$ NN TO VB NN CC VB JJ NNP NNS JJ NNP NNP NNP NNS NNP NNP NNP VBZ NNP NNP NNS NNP NNP NNP CD NNS NNP NNP CC NNS NNP NNP NNP CD NNS NNP NN NN NNP NNP NNS NNP NNP NNP CD NNS NNP NNP NNS VBG NN NNP NNP IN NN NN CC NN NN,False,False,False,False,False,False,0.1,Introduction,introduction,False,False,False
Dedrick2003,Thatcher2004,The majority of studies have continued to focus on...,Later studies attempted to address the mismeasurem...,Other studies have focused on the relationship bet...,True,False,8,8,0.111111111111111,0.2,0.904059040590406,0,0.945,0.055,0.2023,0.036,0.847,0.118,0.6369,False,False,DT NN IN NNS VBP VBN TO VB IN VBG DT NN IN NNP TO NN IN JJ VBG JJ NNS IN NNP NN TO VB NN NNP IN DT JJ NN,False,True,True,False,False,False,0.106,Literature Review,background,False,False,False
Dedrick2003,Mithas2016a,Previous research has studied either the impact of...,Firms spend significant sums of money on informati...,"However, few studies focus on the effect of IT inv...",True,False,8,9,0.111111111111111,0.1,0.447963800904977,0,1,0,0,0.018,0.927,0.055,0.4215,False,False,JJ NN VBZ VBN CC DT NN IN NNP NNS IN NN NN JJ NNP CC DT NN IN NNP JJ NN IN NN NN JJ NNP,False,True,True,False,False,False,0.008,Introduction 1,introduction,False,False,False
Dehning2002,Turel2014,"However, there can be many factors that mediate th...","Third, the model assumed a direct effect of the le...",Mediators can include intermediate IT-driven value...,True,False,1,1,0.5,0.5,0.714285714285714,0,1,0,0,0,0.858,0.142,0.765,False,False,RB EX MD VB JJ NNS WDT VBP DT NN NNP CC VB PRP,False,False,False,False,False,False,0.897,Practical implications,implications,False,False,False
Irani2002,Irani2001,"Yet, there has been a lack of consensus in definin...","To add to the complication of IT/IS evaluation, th...",Yet as organisations continue to readily invest si...,True,False,1,6,0.5,0.142857142857143,0.978723404255319,0.15,0.85,0,-0.3182,0.063,0.913,0.024,-0.4404,False,False,RB EX VBZ VBN DT NN IN NN IN VBG CC VBG NNP NNS NNP,False,True,True,False,False,True,0.102,,introduction,False,False,False
Kohli2003,Luo2016,"In a meta-analysis of IT business value, REFERENCE...",CITATION reexamine the link between IT capability ...,CITATION also found that the study outcomes of IT ...,True,True,0,2,1,0.333333333333333,0.200980392156863,0,0.924,0.076,0.34,0.036,0.855,0.109,0.6808,False,False,IN DT NN IN NNP NN NN REFERENCE VBD IN DT JJ NNS JJ IN NN NN NNS CC NNS NNS VBP DT NN IN VBG NNP VBZ IN NN NN,True,False,False,False,False,True,0.052,Literature and Motivation,introduction,False,False,False
Kohli2003,Altinkemer2011,Following REFERENCEREFERENCE call to gather larger...,We systematically study the productivity and perfo...,"We find that one of our key performance variables,...",False,True,1,1,0.666666666666667,0.666666666666667,0.037593984962406,0.053,0.947,0,-0.296,0.026,0.91,0.063,0.4767,False,True,VBG NNP NN TO VB JJR NNS TO VB DT JJ NNS IN NNP IN NN PRP VBP DT JJ NN IN DT NN NN WDT VBZ NNP IN JJ NNP NNS CC VB DT NN IN NN NN CC NNP NNS,False,False,False,False,False,True,0.007,,introduction,False,False,False
Kohli2003,Tallon2007b,DESPITE SIGNIFICANT PROGRESS IN RECENT YEARS in ev...,"KEY WORDS AND PHRASES: executive perceptions, IT b...",Behind this frustration lies a sense that aggregat...,False,False,2,11,0.333333333333333,0.083333333333333,0.493506493506493,0.238,0.646,0.116,-0.6714,0.128,0.748,0.123,-0.3887,False,False,NNP NNP NNP NNP NNP NNP IN VBG DT NN NNS IN NN NN NNP NNP NNS VBP JJ IN DT NN IN NNS TO VB DT JJ NN IN NNP TO PRP$ NNS NNP,False,False,False,False,False,False,0.004,,introduction,False,False,False
Kohli2008,Uwizeyemungu2009,This can be partly explained by inadequate IT eval...,While importance is accorded to the IT evaluation ...,"From a theoretical point of view, previous studies...",True,False,1,5,0.5,0.166666666666667,0.988095238095238,0.169,0.831,0,-0.3477,0.151,0.791,0.058,-0.7533,False,False,DT MD VB RB VBN IN JJ NNP NN NNS CC NNS NNP,False,False,True,True,False,False,0.027,Introduction,introduction,False,False,False
Kohli2008,Mueller2010,Other studies in the field of IS value research ap...,Following the logic of gradually decomposing compl...,By coding the arguments evident in the case materi...,False,False,2,5,0.333333333333333,0.166666666666667,0.865079365079365,0,0.876,0.124,0.34,0.1,0.838,0.063,-0.4601,False,False,JJ NNS IN DT NN IN NNP NN NN VB DT JJ NN WRB VBG JJ JJ NNS NNP,False,False,False,False,False,False,0.289,Research Design,method,False,False,False
Kohli2008,Sabherwal2015,This is similar to the multifaceted view of BVIT i...,"Consistent with prior literature, CITATION viewed ...",REFERENCE highlight that IT value manifests itself...,False,False,2,3,0.333333333333333,0.4,0.891304347826087,0,1,0,0,0,0.819,0.181,0.9393,False,False,DT VBZ JJ TO DT JJ NN IN NNP IN JJ NN JJ NNP,False,False,False,False,False,False,0.023,Figure 1. Theoretical Model,theory_frontend,False,False,False
Kohli2008,Wilkin2013,"While there are many motivators for adopting IT, a...","Information Technology (IT) pervades social, commu...","IT governance (ITG), as a component of corporate g...",True,True,0,1,1,0.5,0.991803278688525,0,0.882,0.118,0.34,0,0.871,0.129,0.7506,False,False,IN EX VBP JJ NNS IN VBG NNP DT JJ NN VBZ VBG DT JJ NN IN JJ NNS REFERENCE,False,True,False,False,False,True,0.006,Introduction,introduction,False,False,False
Kohli2008,Ceccagnoli2012,"Like other settings of IT value cocreation, in our...",It is important to state how ecosystem partnership...,"However, in other settings IT is used to cocreate ...",True,True,0,1,1,0.666666666666667,0.992307692307692,0,0.642,0.358,0.8176,0,0.754,0.246,0.9423,False,False,IN JJ NNS IN NNP NN NN IN PRP$ VBG NNP VBZ `` JJ IN VBG DT NN TO VB NN NN '' REFERENCE,False,False,False,False,False,True,0.815,Implications for Other Industry Environments,implications,False,False,False
Larsen2003,Karimi2004,"Environmental uncertainty, however, has been overl...",Several researchers have stressed the influence of...,This is a serious lapse in IS research because (1)...,True,True,0,7,1,0.125,0.996296296296296,0.089,0.835,0.076,0.128,0.059,0.887,0.055,0.3612,False,False,JJ NN RB VBZ VBN VBN IN JJS JJ NNS WDT VBP DT NNP NN NN FW NN NN CC NN CC JJ NN CC NNS FW NN NN TO VB NN CC JJ NN REFERENCE,False,True,True,False,False,False,0.041,Introduction,introduction,False,False,False
Melville2004,Baars2009,REFERENCE have proposed an integrative model to ex...,There is growing consensus that a better understan...,While the core of their approach is also the busin...,True,True,0,5,1,0.166666666666667,0,0,0.821,0.179,0.34,0,0.879,0.121,0.7184,False,False,REFERENCE VBP VBN DT JJ NN TO VB NNP NN NN NN,True,True,True,False,False,False,0.127,Methodology,method,False,False,False
Melville2004,Wagner2014,Choosing these three variables reflects the argume...,"Drawing on the rich business valuation literature,...","CITATION, whose study of strategic alignment focus...",False,True,0,1,1,0.666666666666667,0.257383966244726,0,0.932,0.068,0.34,0,0.839,0.161,0.9042,False,False,VBG DT CD NNS VBZ DT NN IN NNP WP VBP NNP NN NN IN DT JJ NN NNS IN NNP IN CC DT JJ NN NN CC JJ NNS CC NNP VBP NN,False,False,False,False,False,False,0.141,IT Business Value,theory_frontend,False,False,False
Melville2004,Chan2011,RBV has often been posited by scholars as an effec...,The resource-based view (RBV) CITATIONCITATION and...,"However, RBV is an innately static perspective CIT...",True,False,3,12,0.25,0.076923076923077,0.849397590361446,0,0.897,0.103,0.3182,0,0.951,0.049,0.3182,False,False,NNP VBZ RB VBN VBN IN NNS IN DT JJ NN IN VBG NNP VBD JJ NNS CC NN NNS NNP,False,False,True,False,False,True,0.031,,introduction,False,False,False
Melville2004,Roberts2012,"A principal finding is that IT is valuable, but it...","IT business value is defined as ""the organizationa...","Specifically, research within this theme investiga...",True,False,1,1,0.5,0.666666666666667,0.584821428571429,0,0.854,0.146,0.6486,0,0.86,0.14,0.8807,False,False,DT JJ NN VBZ IN NNP VBZ JJ CC PRP$ NN CC NNS VBP JJ IN JJ JJ NNS NNP CD IN WDT VBZ JJ NN VBN IN NNS IN DT NN CC NN,False,False,False,False,False,False,0.503,Theme 4: IT Business Value,results,False,False,False
Melville2004,Mithas2013,Industry turbulence refers to the unpredictable ch...,The three dimensions reflect competitive opportuni...,Industry turbulence is the rate at which firms ent...,True,False,1,3,0.5,0.25,0.975,0,1,0,0,0.042,0.809,0.149,0.5859,False,False,NN NN NNS TO DT JJ NN IN DT NN NNP,False,False,False,False,False,False,0.246,Three Key Elements of the Industry Environment,theory_frontend,False,False,False
Melville2004,Francalanci2008,This second wave of literature on the relationship...,"From the mid-1990s, a number of studies have taken...","Two research approaches are distinguished, referre...",True,True,0,0,1,1,0.992307692307692,0,1,0,0,0,0.921,0.079,0.4215,False,False,DT JJ NN IN NN IN DT NN IN NNP NNS CC NN NN VBZ VBN RB VBN IN REFERENCE,False,True,True,False,False,False,0.057,Introduction,introduction,False,False,False
Melville2004,Tebboune2016,"RBV has, recently, gained tremendous coverage in t...",It is mainly a theory of competitive advantage as ...,The main tenet of RBV is that in order for a firm ...,True,False,9,11,0.1,0.083333333333333,0.895833333333333,0,0.669,0.331,0.872,0,0.768,0.232,0.9509,False,False,NNP VBZ RB VBD JJ NN IN DT JJ NN NN NNP CC VBZ RB VBN DT NN IN DT NN IN JJ NNS IN NNP NNP,False,False,True,False,False,False,0.666,Findings from TCE,results,False,False,False
Melville2004,Bardhan2006,Recent research has shown that prudent IT investme...,ALTHOUGH PREVIOUS RESEARCH SUGGESTS that IT invest...,Customization of IT applications and technology in...,False,False,1,8,0.5,0.111111111111111,0.994565217391304,0,0.902,0.098,0.3818,0,0.971,0.029,0.3818,False,False,JJ NN VBZ VBN IN NN NNP NNS MD VB JJ JJ NNS WDT VBP RB VBN IN DT NN POS NN TO JJ NN VBZ NNP,False,True,True,False,False,False,0.162,Theory and Research Framework,method,False,False,False
Melville2004,Nevo2010,"BVIT research is defined as ""any conceptual, theor...","Following REFERENCE, we define the business value ...","Recently, two important observations about BVIT re...",True,True,0,1,1,0.666666666666667,0.993333333333333,0,1,0,0,0,0.881,0.119,0.7506,False,False,NNP NN VBZ VBN IN `` DT JJ JJ JJ CC JJ NN WDT VBZ DT JJ NN NNS IN NNP '' REFERENCE,False,True,True,False,False,False,0.043,The Business Value of IT and the Resource-Based View of the Firm,introduction,False,False,False
Melville2004,Borman2006,"Drawing from the work of REFERENCE, it is suggeste...","Combining the transaction cost, resource-based and...","The influence of such factors, however, appears to...",True,True,0,0,1,1,0.140449438202247,0,1,0,0,0.047,0.953,0,-0.5267,False,False,VBG IN DT NN IN REFERENCE PRP VBZ VBN IN DT NN NN IN WDT DT NN VBZ RB PRP$ JJ CC NN NN NNP RB VB VBN,False,True,True,False,False,False,0.199,Resource-dependency t/ieory,theory_frontend,False,False,False
Pare2008,Rowe2010,"Second, if we restrict the analysis to empirical p...","Naturally, there are several ways to be critical, ...",Since we do publish qualitative research but still...,True,True,1,1,0.5,0.5,0.255754475703325,0.04,0.881,0.079,0.3612,0.059,0.89,0.051,-0.2076,False,True,JJ IN PRP VBP DT NN TO JJ NNS VBD IN VBG DT NNP NNS IN REFERENCE VBD PRP MD VB JJR NNS IN DT JJ NN RB IN IN JJ NN JJR JJ CC JJ NN IN NN IN PRP VBP JJR NN IN NNP NNP CC PRP CC NNP IN DT NN RBR JJ NN NNP IN PRP RB VBP,True,False,False,False,False,False,0.043,,introduction,False,False,False
Petter2008,Kuegler2015,The plethora of different measures of IS use is sa...,Studies investigating individuals' IS use define a...,Research suggests that these measures and dimensio...,True,True,0,1,1,0.5,0.992957746478873,0,1,0,0,0,1,0,0,False,False,DT NN IN JJ NNS IN NNP NN VBZ VBD TO VB CD NN IN DT JJ NNS IN DT JJ NN UH REFERENCE,False,False,False,False,False,False,0.111,Differentiating ESSP use,theory_frontend,False,False,False
Petter2008,Yen2015,Service quality depicts the level of services prov...,"In this vein, internal IS staff play a dual role a...",When interactions between employees and IS staff i...,False,True,0,1,1,0.5,0.99502487562189,0,1,0,0,0,0.859,0.141,0.8779,False,False,NNP NN VBZ DT NN IN NNS VBN IN JJ NNP NN TO JJ NNS IN DT NN WDT MD RB VB DT NNS POS NNS CC NNS IN DT NNP REFERENCE,False,False,False,False,False,False,0.203,System Success and Key Determinants,background,False,False,False
Petter2009,Lange2015,"For example, an information system managed by a ve...","Second, the practical application of the conceptua...","Similarly, the benefits accrued from the use of EA...",True,True,0,3,1,0.25,0.993243243243243,0,1,0,0,0,0.93,0.07,0.6369,False,False,IN NN DT NN NN VBN IN DT NN VBZ JJ NN NNS IN DT NN RB IN IN DT JJ NNP NN REFERENCE,False,False,False,False,False,False,0.199,Conceptual basis,theory_frontend,False,False,False
Piccoli2005,Arvidsson2014,"In the following discussion, we re-evaluate and ex...",Our second contribution to IS strategy is the unde...,"In particular, we highlight how IS strategy implem...",True,False,7,7,0.125,0.125,0.873096446700508,0,0.913,0.087,0.3182,0,0.909,0.091,0.8074,False,True,IN DT JJ NN PRP VBP CC VBP JJ NNS IN DT NNP NN NN MD VB IN NN DT NN PRP VBZ VBN NNP,False,True,True,False,False,False,0.856,Strategy blindness within strategic IS implementation,implications,False,False,False
Piccoli2005,Coltman2011,"Yet, measurable returns from IT investment program...","In recent years, many have invested heavily in inf...",It follows that the greater the knowledge about ho...,True,False,1,2,0.5,0.333333333333333,0.995633187772926,0.052,0.759,0.188,0.7346,0.02,0.782,0.198,0.9516,False,False,RB JJ NNS IN NNP NN NNS RB VBP IN DT JJ NN IN NNP RB IN DT RBS JJ NNS VBG NN IN DT JJ NN IN NNS CC PRP$ NNS NNP,False,False,False,False,False,False,0.008,Introduction,introduction,False,False,False
Piccoli2005,Chen2010a,"As a consequence, three closely related streams of...",Due to the increasing importance of IS to the orga...,Each of these three streams continues to be a pere...,True,False,9,14,0.1,0.066666666666667,0.972644376899696,0,0.866,0.134,0.5267,0,0.847,0.153,0.9325,False,False,IN DT NN CD RB JJ NNS IN NN VBP VBN WDT VBP JJ NN NNS NN NNP NNP NN IN NNP NN CC NN NN NNP CC JJ NN IN NNP CC VBG NNP IN JJ NN NNP,False,True,True,False,False,True,0.037,Introduction,introduction,False,False,False
Piccoli2005,Chan2011,RBV has often been posited by scholars as an effec...,The resource-based view (RBV) CITATIONCITATION and...,"However, RBV is an innately static perspective CIT...",True,False,3,12,0.25,0.076923076923077,0.993975903614458,0,0.897,0.103,0.3182,0,0.951,0.049,0.3182,False,False,NNP VBZ RB VBN VBN IN NNS IN DT JJ NN IN VBG NNP VBD JJ NNS CC NN NNS NNP,False,False,True,False,False,True,0.031,,introduction,False,False,False
Roberts2012,Carlo2012,The theoretical lens of ACAP has been widely adopt...,The knowledge factors in the proposed model are dr...,"However, past IS research has examined the impact ...",True,False,2,7,0.333333333333333,0.3,0.51010101010101,0,0.912,0.088,0.3818,0.042,0.889,0.069,0.4019,False,False,DT JJ NNS IN NNP VBZ VBN RB VBN IN JJ NNS IN DT NN NNP TO VB DT NN IN NN NNS IN DT NN POS NN CC NN,False,True,True,False,False,False,0.04,Introduction,introduction,False,False,False
Schryen2013,Frisk2015,Recently the rate of contributions to this topic s...,This has resulted in a steady accretion of IS eval...,This decline is discussed in more detail in the ne...,True,True,0,10,1,0.090909090909091,0.99492385786802,0,0.881,0.119,0.4939,0.026,0.931,0.043,0.1779,False,False,RB DT NN IN NNS TO DT NN VBZ TO VB VBN JJ JJS IN JJ JJ NN EX VBZ VBN DT NN IN DT NN TO DT NN IN NN NN NN REFERENCE,False,True,True,False,False,False,0.021,Introduction,introduction,False,False,False
Seddon1999,Gable2008,A range of concerns with past attempts to measure ...,"CITATIONCITATION observe, ""Despite considerable em...","Moreover, the lack of a commonly accepted index fo...",True,True,9,11,0.1,0.083333333333333,0.99815157116451,0.17,0.742,0.088,-0.6597,0.127,0.741,0.132,0.3818,False,False,DT NN IN NNS IN JJ NNS TO NN NNP NNP VBP VBN VBN VBG JJ NN JJ JJ CC JJ NNS NNP NN IN JJ NN CC RB NN IN NN IN JJ NNS NNP NN NN IN JJ NN NNS NNP VBZ IN NN NNS VBN NN VBZ VBG IN NN CC VB NNS NN NN JJ VBG DT JJ NNS JJ NN REFERENCE,False,True,True,False,False,False,0.015,Introduction,introduction,False,False,False
Seddon1999,Scott2016,More than three decades of research has contribute...,Although the evaluation of Information Systems (IS...,Reviewing the previous decade of IS CITATION ident...,True,False,3,8,0.25,0.111111111111111,0.766937669376694,0.042,0.787,0.171,0.8555,0.031,0.753,0.217,0.9836,True,False,RBR IN CD NNS IN NN VBZ VBN TO DT JJ NN IN NN VBG DT NN IN NNP RB DT JJS IN DT NN NN VBZ VBN IN JJ NN IN JJ NNS IN NNP NNP NNP JJ NNS IN NN NN NNP CC DT NN IN NNS TO VB JJ NNS IN NN NNP,False,True,True,False,False,False,0.008,Introduction,introduction,False,False,False
Soh1995,Thiesse2009,In their attempt to theorise the causal chain betw...,This 'process-oriented view' argues that more conv...,Studies that assess the relationship between the I...,True,True,0,10,1,0.090909090909091,0.544247787610619,0,0.897,0.103,0.4215,0.028,0.873,0.099,0.6801,False,False,IN PRP$ NN TO VB DT NN NN IN NNP VBZ CC NNP NN RB RB IN JJ NN REFERENCE VB DT NN WDT VBZ DT NNP NN NN DT NNP NN NN CC DT JJ NN,False,False,False,False,False,False,0.089,Introduction,introduction,False,False,False
Soh1995,Gosain2005,We base this study upon the emergent process theor...,"Drivers, organizing elements, and emergent pattern...",The framework suggests that goal directed behavior...,True,True,0,1,1,0.5,0.986666666666667,0,1,0,0,0,0.956,0.044,0.3818,False,True,PRP VBP DT NN IN DT JJ NN NN NN VBN IN REFERENCE,False,False,False,False,True,False,0.093,Cross-functional coordination,method,False,False,False
Soh1995,Uwizeyemungu2009,"Process models (eg, CITATIONREFERENCECITATION conc...","In contingency models (eg, CITATIONCITATIONCITATIO...",This process is then one of converting the potenti...,True,False,2,7,0.333333333333333,0.125,0.202898550724638,0,1,0,0,0,0.927,0.073,0.7351,False,False,NN NNS NN NNP VBZ DT NN IN NNP TO NN IN DT JJ NN IN JJ NNS,False,False,False,False,False,False,0.089,Theoretical background,theory_frontend,False,False,False
Wade2004,Tallon2011a,"Hardware, software, and networking decisions can v...",Based on recent research on the resource-based vie...,"In our review of the alignment literature, only tw...",True,True,0,0,1,1,0.99438202247191,0,0.918,0.082,0.3612,0,0.883,0.117,0.8316,False,False,NNP NN CC VBG NNS MD VB RB IN NN TO NN RB IN DT NN IN NN IN NNP CC NN NN VBZ JJ IN DT NN REFERENCE,False,False,False,False,False,False,0.164,Alignment and Firm Performance,theory_frontend,False,False,False
Wade2004,Oh2007,"In IS research, this view has been touted as a fir...","According to CITATION resource-based view, resourc...",The central premise of these studies is that in or...,True,False,1,5,0.5,0.166666666666667,0.99390243902439,0.044,0.879,0.077,0.2263,0.014,0.819,0.167,0.8885,False,False,IN NNP NN DT NN VBZ VBN VBN IN DT JJ JJ NN WDT VBZ RB VBN TO VB DT NN IN NNP CC JJ NN NNP,False,True,True,False,False,False,0.105,The Resource-Centered Perspective of the Strategic Value of IT,theory_frontend,False,False,False
Wade2004,Mithas2013,Although prior studies have argued that industry e...,"First, the industry environment of a firm influenc...",Our research tests the importance of these industr...,True,False,5,5,0.166666666666667,0.166666666666667,0.192743764172336,0.039,0.881,0.08,0.1779,0.045,0.852,0.103,0.5423,False,True,IN JJ NNS VBP VBN IN NN NN NNS NNP CC DT NNS VBP RB VBN CD CC CD NNS IN DT NN NN IN NN NN NNS NNP DT NN VBZ DT JJ PRP VBP IN DT VBZ DT JJ NN IN WRB CD NN NNS IN DT NN NN NN DT NN TO VB IN CC VB IN NN NNS,False,True,True,False,False,False,0.772,Research Implications,implications,False,False,False
Wade2004,DosSantos2012,Proponents argue that firms continue to find new I...,The other side of the debate claims that the value...,This line of reasoning suggests that the incentive...,True,True,0,4,1,0.2,0.993506493506493,0.1,0.792,0.108,0.0516,0.026,0.876,0.098,0.6971,False,False,NNS VBP IN NNS VBP TO VB JJ NNP NN NNS IN JJ NNS VBP JJ NNS IN VBG NNS REFERENCE,False,False,False,False,False,False,0.036,Introduction,introduction,False,False,False
Wade2004,Leidner2009,While the RBV has been mostly considered at the fi...,The resource-based view of the firm provides an ef...,"Although at first glance, an extension of RBV into...",True,True,0,0,1,1,0.381578947368421,0.054,0.807,0.139,0.5267,0.095,0.818,0.087,-0.7845,False,False,IN DT NNP VBZ VBN RB VBN IN DT NN CC VBZ VBN VBN TO VB DT NNS VBN TO VB DT NN NN JJ CC JJ JJ NN REFERENCE PRP$ NN VBZ DT JJ NN IN NNP IN DT JJ RB IN JJ NN IN DT NN IN VBG DT NNS WDT VBP NN IN DT NN WRB NNS MD VB RB TO VB DT JJ NN IN IN NN NN,False,True,True,False,False,False,0.045,Introduction,introduction,False,False,False
Wade2004,Butler2008a,"Indeed, REFERENCE report that CITATION such as how...",There is a general paucity of empirical research o...,"In particular, CITATION indicates the need for res...",True,True,1,5,0.5,0.166666666666667,0.044943820224719,0,1,0,0,0,0.957,0.043,0.4939,False,False,RB REFERENCE NN WDT NNP JJ IN WRB NNS VBP VBN WRB PRP VBP VBN IN DT NN CC WRB PRP VBP VBN VBP VBN JJ IN DT NN '',False,True,True,False,False,False,0.026,Introduction,introduction,False,False,False
Wade2004,Barua2004,REFERENCE provide an overview of the literature on...,IS researchers have adopted the theory of RBV to s...,They rely on the definition of resources from CITA...,True,True,0,4,1,0.2,0,0,1,0,0,0.027,0.774,0.199,0.9432,False,False,REFERENCE VBP DT NN IN DT NN IN JJ NNS CC PRP$ NN IN NN NN CC NN,True,False,False,False,False,False,0.022,Introduction,introduction,False,False,False
Wade2004,Tallon2007,Research on the role of IT in a turbulent setting ...,"For example, research indicates how closer links b...","A flexible, adaptable IT infrastructure can be esp...",False,False,1,5,0.5,0.166666666666667,0.992592592592593,0,0.895,0.105,0.4019,0.057,0.809,0.134,0.6901,False,False,NN IN DT NN IN NNP IN DT JJ NN MD RB VB TO VB WRB NN VBZ RBR IN DT NNS IN NNS NNP,False,False,False,False,False,False,0.732,Theoretical Implications,implications,False,False,False
Wade2004,Goh2013,The stakeholder management capability is defined a...,"As such, the IT department identified two IT proje...",The IT change management capability is defined as ...,True,True,0,1,1,0.5,0.996296296296296,0,0.903,0.097,0.5574,0,0.888,0.112,0.9042,False,False,DT NN NN NN VBZ VBN IN DT NN POS NN TO VB DT NN IN DT NNP NN CC DT NNS IN IN DT NN CC PRP$ NN TO VB CC VB DT NNS IN DT NNP NN IN JJ JJ NNS IN DT NN REFERENCE,False,True,True,False,False,False,0.824,Developing Improvement-Based Agile IS Development Practices in the Airport Security System Project,implications,False,False,False
Wade2004,Dong2009,"Thus far, IT value under competition is still an o...","In particular, competition tends to shape technolo...","As such, how competition shapes the technology-per...",True,True,2,4,0.333333333333333,0.2,0.189054726368159,0.04,0.793,0.167,0.7783,0.031,0.839,0.13,0.7783,False,False,RB RB NNP NN IN NN VBZ RB DT JJ NN IN VBN IN REFERENCE IN JJ NN VBZ PRP RBR JJ TO VB NN IN NNS IN NN NNP NNS JJ IN NNP CC NNP VBP PRP$ RB VBN NNS TO VB JJ NN NN IN PRP$ NN NNS VBG TO JJ NN NN RB IN RB JJ NNS NNP,False,False,False,False,False,False,0.053,Introduction,introduction,False,False,False
Wade2004,Koch2010,An organization's capabilities can be sorted into ...,Capabilities bring assets like IT infrastructure t...,Inside-out capabilities are deployed from within t...,True,False,1,2,0.5,0.333333333333333,0.990825688073394,0,1,0,0,0,0.795,0.205,0.8625,False,False,DT NN POS NNS MD VB VBN IN NN JJ CC VBG NNS NNP,False,False,True,True,False,False,0.114,Theoretical background: dynamic capabilities,theory_frontend,False,False,False
